system,status,representation,source_search,reasoning_aware_ranking,explicit_mapping_or_applicability,reject_or_abstain,rebind_or_contextualize,execute_or_infer,verify,multiturn_control,learned_control_policy,memory_update,main_limit,url
"Agentic Analogical Reasoning (AAR)","ICLR 2026 submission","partial","yes","yes","partial","partial","yes","yes","partial","yes","yes","no","No calibrated no-analogy policy; validation and persistent failure memory remain weak",https://openreview.net/forum?id=0uj9pA5MqE
RA-RFT,preprint,"no","yes","yes","partial","no","partial","yes","outcome reward","no","yes","no","Strong retrieval-training coupling but not a full selection/rejection/reuse loop",https://arxiv.org/abs/2606.13680
"CANA / ADR",preprint,"yes","yes","mechanism fit","yes","task-specific hard filters","partial","yes","cross-analogy confirmation","yes reflective rounds","scaffolded not generic learned policy","no","Rich explicit pipeline but control rules are domain/task specific and memory does not learn",https://arxiv.org/abs/2607.13602
"Abstain-R1 / detection-control line","ACL/AAAI adjacent field","partial","no","no","no","yes","no","answer-or-stop","answerability / missing-info verification","yes","yes","no","Controls answerability rather than transfer validity of coherent analogies",https://aclanthology.org/2026.findings-acl.985/
"Query-Conditioned Reuse (QCR)",preprint,"no","held fixed","held fixed","applicability conditions","partial","yes","yes","yes","no","no","no","Post-retrieval reuse solved in controlled memory setting; retrieval and persistent learning held fixed",https://arxiv.org/abs/2608.12847
BDH-CQ,preprint,"latent task state","demos supplied","no","operator induction","no","query-conditioned","yes","partial","recurrent latent iterations","yes via training","transient recurrent memory","No autonomous source search, rejection, or persistent epistemic memory",https://arxiv.org/abs/2608.09888
BALAR,preprint,"explicit Bayesian latent-state representation with dynamic expansion","information-seeking questions","expected mutual information","state sufficiency rather than analogy applicability","partial via uncertainty","state updated from observations","yes","posterior update","yes","outer-loop algorithm no fine-tuning","belief state updated online","Not an analogy system; demonstrates that representation expansion can be an explicit control action",https://arxiv.org/abs/2605.05386
WorldEvolver,preprint,"episodic + semantic world-model context","retrieves real action transitions","confidence-selective foresight","prediction applicability","filters low-confidence predictions","context revised from mismatch","planning","prediction-observation comparison","yes deployment-time revision","no weight update; explicit controller","persistent semantic/episodic context","Revises world-model memory from failed predictions but does not attribute failures to analogical mappings",https://arxiv.org/abs/2606.30639
"Information Self-Locking",ICLR 2026,"belief tracking","active question/action selection","directional critiques","no analogy mapping","no","belief updated from observations","active reasoning","truth-directed task reward/critique","yes","RL with auxiliary signal","policy/belief behavior learned in weights","Shows search and belief updating can mutually self-lock; not a source-transfer architecture",https://arxiv.org/abs/2603.12109
